quiz_id,avg_score,avg_accuracy,avg_time,avg_initial_mistake_count
6,54.666666666666664,80.0,10.061111111111112,4.666666666666667
18,52.0,92.0,3.5083333333333333,1.5
20,12.0,30.0,4.583333333333333,7.0
24,76.0,100.0,13.9,4.0
25,112.0,93.0,15.75,14.0
50,24.0,66.0,5.466666666666667,3.0
51,86.66666666666667,72.33333333333333,12.366666666666667,14.666666666666666
57,40.0,38.0,10.1,16.0
58,52.0,43.0,16.383333333333333,17.0
